In-State Tuition,Out-of-State Tuition,Median Earnings (10 yrs),School Name,State
10024.0,18634.0,40628.0,Alabama A & M University,AL
8832.0,21216.0,54501.0,University of Alabama at Birmingham,AL
,,37621.0,Amridge University,AL
11878.0,24770.0,61767.0,University of Alabama in Huntsville,AL
11068.0,19396.0,34502.0,Alabama State University,AL
11940.0,32300.0,59221.0,The University of Alabama,AL
4990.0,8740.0,33506.0,Central Alabama Community College,AL
,,50273.0,Athens State University,AL
9100.0,19348.0,44391.0,Auburn University at Montgomery,AL
12176.0,32960.0,65337.0,Auburn University,AL
21250.0,21250.0,59481.0,Birmingham-Southern College,AL
4980.0,8730.0,36438.0,Chattahoochee Valley Community College,AL
17014.0,17014.0,34421.0,South University-Montgomery,AL
4920.0,8670.0,42572.0,Enterprise State Community College,AL
4920.0,8670.0,34894.0,Coastal Alabama Community College,AL
23920.0,23920.0,43457.0,Faulkner University,AL
3984.0,6984.0,32937.0,Gadsden State Community College,AL
,,,New Beginning College of Cosmetology,AL
4860.0,8610.0,31399.0,George C Wallace Community College-Dothan,AL
4920.0,8670.0,39842.0,George C Wallace State Community College-Hanceville,AL
4620.0,8370.0,31598.0,George C Wallace State Community College-Selma,AL
12750.0,12750.0,36909.0,Herzing University-Birmingham,AL
28350.0,28350.0,49601.0,Huntingdon College,AL
11632.0,11632.0,42597.0,Heritage Christian University,AL
4890.0,8640.0,28281.0,J. F. Drake State Community and Technical College,AL
4860.0,4860.0,,J F Ingram State Technical College,AL
11952.0,21912.0,45235.0,Jacksonville State University,AL
5220.0,8910.0,40719.0,Jefferson State Community College,AL
5000.0,8750.0,38192.0,John C Calhoun State Community College,AL
4920.0,8670.0,31701.0,Lawson State Community College,AL
10990.0,20090.0,44232.0,University of West Alabama,AL
4920.0,8670.0,32307.0,Lurleen B Wallace Community College,AL
9538.0,15538.0,59644.0,Marion Military Institute,AL
12714.0,12714.0,32627.0,Miles College,AL
25880.0,25880.0,43611.0,University of Mobile,AL
13710.0,26730.0,42957.0,University of Montevallo,AL
5011.0,8761.0,33828.0,Northwest Shoals Community College,AL
11220.0,21420.0,45415.0,University of North Alabama,AL
4920.0,8670.0,34913.0,Northeast Alabama Community College,AL
20040.0,20040.0,42488.0,Oakwood University,AL
4950.0,8700.0,28982.0,Reid State Technical College,AL
4920.0,8670.0,29916.0,Bishop State Community College,AL
36725.0,36725.0,58469.0,Samford University,AL
4800.0,4800.0,,Selma University,AL
4980.0,8730.0,35014.0,Shelton State Community College,AL
5408.0,9408.0,35735.0,Snead State Community College,AL
9116.0,17732.0,49379.0,University of South Alabama,AL
21732.0,21732.0,51500.0,Spring Hill College,AL
11392.0,11392.0,35421.0,Stillman College,AL
13866.0,13866.0,32229.0,Talladega College,AL
4830.0,8580.0,32183.0,H Councill Trenholm State Community College,AL
9312.0,18624.0,42062.0,Troy University,AL
22614.0,22614.0,49641.0,Tuskegee University,AL
16418.0,16418.0,55257.0,United States Sports Academy,AL
5278.0,9278.0,34107.0,Bevill State Community College,AL
7508.0,21635.0,51871.0,University of Alaska Anchorage,AK
10900.0,10900.0,,Alaska Bible College,AK
7896.0,22032.0,48866.0,University of Alaska Fairbanks,AK
6960.0,21096.0,48475.0,University of Alaska Southeast,AK
20760.0,20760.0,54271.0,Alaska Pacific University,AK
,,51083.0,Alaska Vocational Technical Center,AK
17116.0,17116.0,35504.0,Charter College,AK
,,34468.0,Alaska Career College,AK
,,25073.0,Empire Beauty School-Tucson,AZ
,,36718.0,Carrington College-Phoenix North,AZ
,,36718.0,Carrington College-Mesa,AZ
,,36718.0,Carrington College-Tucson,AZ
,,21201.0,Arizona Academy of Beauty,AZ
,,31102.0,Miller-Motte College-Arizona Automotive Institute,AZ
,,29576.0,Brookline College-Phoenix,AZ
11618.0,30592.0,62668.0,Arizona State University Campus Immersion,AZ
2960.0,9770.0,36857.0,Arizona Western College,AZ
13275.0,39577.0,59979.0,University of Arizona,AZ
1500.0,3000.0,40513.0,Central Arizona College,AZ
,,26269.0,Charles of Italy Beauty College,AZ
2184.0,6000.0,38033.0,Cochise County Community College District,AZ
,,23921.0,Empire Beauty School-Chandler,AZ
,,30803.0,Avalon Institute-Mesa,AZ
2232.0,9192.0,38018.0,Eastern Arizona College,AZ
40464.0,40464.0,84131.0,Embry-Riddle Aeronautical University-Prescott,AZ
,,,The School of Architecture,AZ
2070.0,7854.0,43108.0,Glendale Community College,AZ
17800.0,17800.0,42186.0,Grand Canyon University,AZ
2070.0,7854.0,46147.0,GateWay Community College,AZ
2070.0,7854.0,44034.0,Mesa Community College,AZ
2136.0,7008.0,35522.0,Mohave Community College,AZ
,,48341.0,Universal Technical Institute of Arizona Inc-Motorcycle Mechanics Institute Division,AZ
1410.0,1410.0,29188.0,Dine College,AZ
12274.0,27536.0,54384.0,Northern Arizona University,AZ
2428.0,9851.0,34199.0,Northland Pioneer College,AZ
2070.0,7854.0,40870.0,Phoenix College,AZ
2298.0,7614.0,39810.0,Pima Community College,AZ
,,38673.0,Pima Medical Institute-Tucson,AZ
,,30917.0,Pima Medical Institute-Albuquerque,NM
35450.0,35450.0,42359.0,Prescott College,AZ
,,52953.0,Refrigeration School Inc,AZ
2070.0,7854.0,41015.0,Rio Salado College,AZ
,,35209.0,Roberto-Venn School of Luthiery,AZ
2070.0,7854.0,47905.0,Scottsdale Community College,AZ
2070.0,7854.0,39825.0,South Mountain Community College,AZ
31650.0,31650.0,51612.0,Arizona Christian University,AZ
,,52873.0,Universal Technical Institute of Arizona Inc,AZ
2680.0,9340.0,39890.0,Yavapai College,AZ
8366.0,18957.0,45265.0,University of Arkansas at Little Rock,AR
,,73827.0,University of Arkansas for Medical Sciences,AR
8760.0,8760.0,28418.0,Arkansas Baptist College,AR
,,18078.0,Arkansas Beauty School-Little Rock,AR
,,16857.0,Arkansas Beauty College,AR
31000.0,31000.0,44232.0,Lyon College,AR
,,16209.0,Arkansas Technical School,AR
,,21470.0,Arthur's Beauty College,AR
9656.0,27410.0,58191.0,University of Arkansas,AR
8668.0,15838.0,35550.0,University of Arkansas at Pine Bluff,AR
3024.0,4728.0,36603.0,Arkansas State University-Beebe,AR
7456.0,13312.0,42617.0,Arkansas State University,AR
8071.0,13891.0,41766.0,Arkansas Tech University,AR
8431.0,14281.0,36902.0,University of Arkansas at Monticello,AR
,,21954.0,Arthur's Beauty College,AR
12938.0,12938.0,62244.0,Baptist Health College Little Rock,AR
4440.0,6888.0,34818.0,Black River Technical College,AR
9778.0,16728.0,45938.0,University of Central Arkansas,AR
17700.0,17700.0,46789.0,Central Baptist College,AR
3620.0,4460.0,33775.0,Cossatot Community College of the University of Arkansas,AR
15000.0,15000.0,39533.0,Crowley's Ridge College,AR
2910.0,3810.0,28471.0,East Arkansas Community College,AR
,,24765.0,Paul Mitchell the School-Little Rock,AR
5200.0,6880.0,32444.0,National Park College,AR
2766.0,3750.0,33706.0,University of Arkansas Community College-Batesville,AR
23148.0,23148.0,52876.0,Harding University,AR
7560.0,9768.0,43459.0,Henderson State University,AR
35100.0,35100.0,60376.0,Hendrix College,AR
,,21563.0,Hot Springs Beauty College,AR
,,73975.0,Jefferson Regional School of Nursing,AR
29720.0,29720.0,53907.0,John Brown University,AR
,,21567.0,Career Academy of Hair Design,AR
,,16941.0,Academy of Salon and Spa,AR
2818.0,4258.0,31857.0,Arkansas State University Mid-South,AR
2542.0,4222.0,33169.0,Arkansas Northeastern College,AR
,,18715.0,New Tyler Barber College Inc,AR
2760.0,5136.0,34653.0,North Arkansas College,AR
5184.0,5184.0,41513.0,Northwest Technical Institute,AR
31180.0,31180.0,51673.0,Ouachita Baptist University,AR
3356.0,5780.0,37374.0,Arkansas State University Three Rivers,AR
3720.0,6723.0,29314.0,Ozarka College,AR
25950.0,25950.0,44384.0,University of the Ozarks,AR
3336.0,4128.0,34924.0,University of Arkansas Community College-Morrilton,AR
13014.0,13014.0,38427.0,Philander Smith University,AR
3110.0,5060.0,29552.0,Phillips Community College of the University of Arkansas,AR
4200.0,7200.0,33603.0,Southeast Arkansas College,AR
,,26754.0,University of Aesthetics & Cosmetology,AR
5820.0,7050.0,34722.0,University of Arkansas-Pulaski Technical College,AR
3250.0,4660.0,34162.0,University of Arkansas Hope-Texarkana,AR
3384.0,3960.0,30037.0,University of Arkansas Community College Rich Mountain,AR
,,20077.0,Paul Mitchell the School-Arkansas,AR
,,19896.0,Searcy Beauty College,AR
6246.0,6246.0,,Shorter College,AR
19450.0,19450.0,38484.0,Williams Baptist University,AR
3012.0,5124.0,34521.0,South Arkansas College,AR
9680.0,15110.0,42386.0,Southern Arkansas University Main Campus,AR
4519.0,4519.0,36376.0,Southern Arkansas University Tech,AR
,,17412.0,Velvatex College of Beauty Culture,AR
6168.0,13440.0,41102.0,University of Arkansas-Fort Smith,AR
26728.0,26728.0,39008.0,Academy of Art University,CA
,,,Academy of Chinese Culture and Health Sciences,CA
1148.0,8684.0,42563.0,College of Alameda,CA
1146.0,8994.0,42786.0,Allan Hancock College,CA
38325.0,38325.0,27019.0,American Academy of Dramatic Arts-Los Angeles,CA
2896.0,2896.0,,Berkeley School of Theology,CA
,,,American Film Institute Conservatory,CA
,,22481.0,American Beauty College,CA
,,38430.0,American Career College-Los Angeles,CA
1288.0,10768.0,40162.0,American River College,CA
1124.0,7724.0,36526.0,Antelope Valley Community College District,CA
49942.0,49942.0,71958.0,Art Center College of Design,CA
,,24368.0,Associated Technical College-Los Angeles,CA
,,26688.0,Associated Technical College-San Diego,CA
42330.0,42330.0,66677.0,Azusa Pacific University,CA
1430.0,9560.0,37291.0,Bakersfield College,CA
1104.0,9072.0,35104.0,Barstow Community College,CA
,,23576.0,Bellus Academy-Chula Vista,CA
6560.0,6560.0,,Bethesda University,CA
44382.0,44382.0,56778.0,Biola University,CA
,,68767.0,Brownson Technical School,CA
12184.0,12184.0,40283.0,Bryan University,AZ
1336.0,7816.0,41810.0,Butte College,CA
,,48848.0,California Institute of Integral Studies,CA
1262.0,8630.0,44114.0,Cabrillo College,CA
38058.0,38058.0,61504.0,California Baptist University,CA
54706.0,54706.0,49414.0,California College of the Arts,CA
,,,University of California College of the Law-San Francisco,CA
60864.0,60864.0,128566.0,California Institute of Technology,CA
48012.0,48012.0,68712.0,California Lutheran University,CA
10319.0,28229.0,90768.0,California Polytechnic State University-San Luis Obispo,CA
13680.0,13680.0,66666.0,Alliant International University-San Diego,CA
7637.0,19517.0,59009.0,California State University-Bakersfield,CA
7734.0,19614.0,63188.0,California State University-Stanislaus,CA
7486.0,19366.0,59977.0,California State University-San Bernardino,CA
7439.0,19319.0,71902.0,California State Polytechnic University-Pomona,CA
7972.0,19852.0,64172.0,California State University-Chico,CA
7060.0,18940.0,57162.0,California State University-Dominguez Hills,CA
6663.0,18543.0,61244.0,California State University-Fresno,CA
7007.0,18887.0,62951.0,California State University-Fullerton,CA
6995.0,18875.0,71401.0,California State University-East Bay,CA
6884.0,18764.0,64403.0,California State University-Long Beach,CA
6805.0,18685.0,59211.0,California State University-Los Angeles,CA
7069.0,18949.0,59115.0,California State University-Northridge,CA
7484.0,19364.0,64876.0,California State University-Sacramento,CA
14395.0,44467.0,92446.0,University of California-Berkeley,CA
14858.0,44930.0,80838.0,University of California-Davis,CA
13939.0,44011.0,80735.0,University of California-Irvine,CA
13401.0,43473.0,82511.0,University of California-Los Angeles,CA
13874.0,43946.0,67699.0,University of California-Riverside,CA
14906.0,44978.0,84943.0,University of California-San Diego,CA
,,,University of California-San Francisco,CA
14617.0,44689.0,74915.0,University of California-Santa Barbara,CA
14240.0,44312.0,68396.0,University of California-Santa Cruz,CA
,,,Sofia University,CA
,,22255.0,California Beauty School,CA
10890.0,10890.0,,California Christian College,CA
7010.0,7010.0,,Haven University,CA
,,19347.0,California Hair Design Academy,CA
55056.0,55056.0,41198.0,California Institute of the Arts,CA
7116.0,18996.0,94784.0,California State University Maritime Academy,CA
,,,California Western School of Law,CA
1362.0,9006.0,50087.0,Canada College,CA
1162.0,9322.0,49022.0,College of the Canyons,CA
,,24410.0,Career Academy of Beauty,CA
,,49854.0,Casa Loma College-Los Angeles,CA
,,32986.0,CET-San Diego,CA
,,32986.0,CET-San Jose,CA
,,32986.0,CET-El Centro,CA
,,32986.0,CET-Colton,CA
,,32986.0,CET-Watsonville,CA
,,32986.0,CET-Salinas,CA
1364.0,10324.0,41156.0,Cerritos College,CA
1384.0,9514.0,34963.0,Cerro Coso Community College,CA
1150.0,8158.0,48143.0,Chabot College,CA
1184.0,9392.0,42975.0,Chaffey College,CA
60672.0,60672.0,70070.0,Chapman University,CA
14954.0,14954.0,83438.0,Charles R Drew University of Medicine and Science,CA
40180.0,40180.0,65083.0,Concordia University-Irvine,CA
26300.0,26300.0,49766.0,San Diego Christian College,CA
,,,Church Divinity School of the Pacific,CA
1198.0,9310.0,42065.0,Citrus College,CA
,,,Citrus Heights Beauty College,CA
1696.0,12244.0,45805.0,City College of San Francisco,CA
,,64372.0,Claremont Graduate University,CA
60715.0,60715.0,104736.0,Claremont McKenna College,CA
,,32493.0,Milan Institute-Visalia,CA
,,50098.0,Clovis Adult Education,CA
1174.0,8734.0,44483.0,Coastline Community College,CA
22480.0,22480.0,51017.0,University of Silicon Valley,CA
,,21208.0,Coba Academy,CA
,,,Western University of Health Sciences,CA
1356.0,7308.0,39035.0,Columbia College,CA
26175.0,26175.0,42014.0,California College of ASU,CA
1142.0,8822.0,34181.0,Compton College,CA
1312.0,9012.0,40850.0,Contra Costa College,CA
1288.0,10768.0,42446.0,Cosumnes River College,CA
1182.0,9942.0,42553.0,Crafton Hills College,CA
1340.0,9348.0,46047.0,Cuesta College,CA
1340.0,9852.0,32435.0,Cuyamaca College,CA
1146.0,9090.0,43533.0,Cypress College,CA
1562.0,11507.0,56596.0,De Anza College,CA
,,19799.0,International School of Beauty Inc,CA
17650.0,17650.0,35296.0,Dell'Arte International School of Physical Theatre,CA
1326.0,9138.0,39020.0,College of the Desert,CA
27875.0,27875.0,46920.0,Design Institute of San Diego,CA
21000.0,21000.0,,Dharma Realm Buddhist University,CA
1312.0,9012.0,51378.0,Diablo Valley College,CA
49426.0,49426.0,84713.0,Dominican University of California,CA
,,,Dominican School of Philosophy & Theology,CA
1238.0,9870.0,42006.0,East Los Angeles College,CA
1144.0,7984.0,41589.0,El Camino Community College District,CA
,,,Emperor's College of Traditional Oriental Medicine,CA
,,43090.0,Empire College,CA
1366.0,8286.0,53077.0,Evergreen Valley College,CA
32645.0,32645.0,49840.0,FIDM-Fashion Institute of Design & Merchandising,CA
1461.0,9531.0,38142.0,Feather River Community College District,CA
,,29856.0,Federico Beauty Institute,CA
,,,Fielding Graduate University,CA
,,,Five Branches University,CA
,,,Redondo Beach Beauty College,CA
1565.0,11510.0,57072.0,Foothill College,CA
,,,Franciscan School of Theology,CA
,,21826.0,Fredrick and Charles Beauty College,CA
1330.0,8890.0,37361.0,Fresno City College,CA
34188.0,34188.0,58896.0,Fresno Pacific University,CA
,,,Fuller Theological Seminary,CA
1150.0,9538.0,43366.0,Fullerton College,CA
1166.0,7238.0,47169.0,Gavilan College,CA
,,42588.0,Gemological Institute of America-Carlsbad,CA
1171.0,8371.0,41540.0,Glendale Community College,CA
,,41472.0,Glendale Career College,CA
,,87434.0,Golden Gate University,CA
1190.0,9854.0,43145.0,Golden West College,CA
,,,Graduate Theological Union,CA
1332.0,9844.0,40309.0,Grossmont College,CA
,,21777.0,Salon Success Academy-Riverside,CA
1404.0,8994.0,44316.0,Hartnell College,CA
62817.0,62817.0,138687.0,Harvey Mudd College,CA
,,25477.0,Hilltop Beauty School,CA
42115.0,42115.0,76410.0,Holy Names University,CA
,,,Pacifica Graduate Institute,CA
7864.0,19744.0,47626.0,California State Polytechnic University-Humboldt,CA
14760.0,14760.0,39248.0,Humphreys University-Stockton and Modesto Campuses,CA
1126.0,6646.0,34487.0,Imperial Valley College,CA
,,38015.0,Institute for Business and Technology,CA
20250.0,20250.0,54974.0,Interior Designers Institute,CA
,,22101.0,International School of Cosmetology,CA
1150.0,9814.0,49156.0,Irvine Valley College,CA
,,30807.0,Bellus Academy-El Cajon,CA
,,61954.0,American Jewish University,CA
1330.0,8890.0,38493.0,Reedley College,CA
19140.0,19140.0,43299.0,Life Pacific University,CA
47000.0,47000.0,65464.0,University of La Verne,CA
34600.0,34600.0,47867.0,Laguna College of Art and Design,CA
1131.0,9087.0,36657.0,Lake Tahoe Community College,CA
,,16220.0,Lancaster Beauty School,CA
1148.0,8684.0,37282.0,Laney College,CA
1129.0,9097.0,35994.0,Lassen Community College,CA
10520.0,10520.0,,Latin American Bible Institute,CA
,,,Life Chiropractic College West,CA
11420.0,11420.0,53695.0,Lincoln University,CA
18240.0,18240.0,39607.0,Southern California Seminary,CA
34902.0,34902.0,61824.0,La Sierra University,CA
,,89816.0,Loma Linda University,CA
1556.0,11440.0,38870.0,Long Beach City College,CA
13215.0,13215.0,70649.0,Southern California University of Health Sciences,CA
1238.0,9870.0,41133.0,Los Angeles Harbor College,CA
1238.0,9870.0,44521.0,Los Angeles Pierce College,CA
1238.0,9870.0,32172.0,Los Angeles Southwest College,CA
1238.0,9870.0,35233.0,Los Angeles Trade Technical College,CA
1238.0,9870.0,42678.0,Los Angeles Valley College,CA
32870.0,32870.0,57106.0,The Master's University and Seminary,CA
1238.0,9870.0,36190.0,Los Angeles City College,CA
,,115318.0,Los Angeles County College of Nursing and Allied Health,CA
1238.0,9870.0,39834.0,Los Angeles Mission College,CA
1312.0,9012.0,42454.0,Los Medanos College,CA
55926.0,55926.0,78349.0,Loyola Marymount University,CA
,,23148.0,Lu Ross Academy,CA
,,25913.0,Lyle's College of Beauty,CA
,,25913.0,Lyle's College of  Beauty,CA
,,20358.0,Lytles Redwood Empire Beauty College,CA
,,45328.0,MTI College,CA
1494.0,9864.0,42654.0,College of Marin,CA
1423.0,8893.0,40243.0,Mendocino College,CA
49090.0,49090.0,76419.0,Menlo College,CA
1194.0,7890.0,37815.0,Merced College,CA
1167.0,8703.0,44392.0,Merritt College,CA
1152.0,8448.0,43845.0,MiraCosta College,CA
1480.0,10180.0,50936.0,Mission College,CA
,,22477.0,Modern Beauty Academy,CA
1276.0,7308.0,42368.0,Modesto Junior College,CA
,,15204.0,Moler Barber College,CA
,,76310.0,Middlebury Institute of International Studies at Monterey,CA
1188.0,8364.0,42176.0,Monterey Peninsula College,CA
1398.0,8146.0,49044.0,Moorpark College,CA
1352.0,10096.0,46283.0,Mt San Antonio College,CA
46740.0,46740.0,72379.0,Mount Saint Mary's University,CA
1406.0,11276.0,38319.0,Mt San Jacinto Community College District,CA
24795.0,24795.0,32778.0,Musicians Institute,CA
1156.0,9388.0,49517.0,Napa Valley College,CA
,,27978.0,National Holistic Institute,CA
13320.0,13320.0,67548.0,National University,CA
,,,Naval Postgraduate School,CA
30291.0,30291.0,68891.0,Newschool of Architecture and Design,CA
,,27269.0,North Adrian's College of Beauty Inc,CA
,,39876.0,North-West College-Pomona,CA
,,37542.0,North-West College-West Covina,CA
,,32488.0,North-West College-Van Nuys,CA
8720.0,8720.0,,San Francisco Bay University,CA
,,74576.0,Notre Dame de Namur University,CA
60566.0,60566.0,75951.0,Occidental College,CA
1202.0,7178.0,54278.0,Ohlone College,CA
1202.0,8762.0,47348.0,Orange Coast College,CA
52460.0,52460.0,58152.0,Otis College of Art and Design,CA
1398.0,8146.0,41393.0,Oxnard College,CA
35700.0,35700.0,49697.0,Hope International University,CA
,,39169.0,Concorde Career College-San Diego,CA
,,83187.0,Palo Alto University,CA
11692.0,11692.0,52485.0,Pacific Oaks College,CA
,,,Pacific School of Religion,CA
7530.0,7530.0,,Pacific States University,CA
33678.0,33678.0,70484.0,Pacific Union College,CA
53682.0,53682.0,78445.0,University of the Pacific,CA
1288.0,9884.0,36389.0,Palo Verde College,CA
1348.0,10644.0,42300.0,Palomar College,CA
1172.0,9572.0,43937.0,Pasadena City College,CA
63142.0,63142.0,82939.0,Pepperdine University,CA
60578.0,60578.0,69512.0,Pitzer College,CA
15310.0,15310.0,49782.0,Platt College-San Diego,CA
41100.0,41100.0,63998.0,Point Loma Nazarene University,CA
59238.0,59238.0,77779.0,Pomona College,CA
1409.0,9539.0,36328.0,Porterville College,CA
,,16886.0,Professional Institute of Beauty,CA
1180.0,8788.0,43552.0,Santa Ana College,CA
,,,Pardee RAND Graduate School,CA
,,,Shasta School of Cosmetology,CA
55678.0,55678.0,72690.0,University of Redlands,CA
1147.0,8539.0,36243.0,College of the Redwoods,CA
,,26956.0,Salon Success Academy-Upland,CA
,,22412.0,Salon Success Academy-Corona,CA
1388.0,9884.0,44950.0,Rio Hondo College,CA
1420.0,10000.0,41091.0,Riverside City College,CA
,,,Dongguk University Los Angeles,CA
1288.0,10768.0,42214.0,Sacramento City College,CA
1150.0,9814.0,50874.0,Saddleback College,CA
,,143238.0,Samuel Merritt University,CA
1144.0,7440.0,38503.0,San Diego City College,CA
1144.0,7440.0,45120.0,San Diego Mesa College,CA
1144.0,7440.0,48224.0,San Diego Miramar College,CA
8174.0,20054.0,64909.0,San Diego State University,CA
54554.0,54554.0,86522.0,University of San Diego,CA
52800.0,52800.0,,San Francisco Conservatory of Music,CA
7524.0,19404.0,68077.0,San Francisco State University,CA
55532.0,55532.0,89812.0,University of San Francisco,CA
,,,San Joaquin College of Law,CA
1288.0,9072.0,43212.0,San Joaquin Delta College,CA
,,38317.0,San Joaquin Valley College-Visalia,CA
,,38317.0,San Joaquin Valley College-Bakersfield,CA
37150.0,37150.0,56257.0,William Jessup University,CA
1366.0,9486.0,46215.0,San Jose City College,CA
7899.0,19779.0,78988.0,San Jose State University,CA
1376.0,9496.0,54172.0,College of San Mateo,CA
1234.0,9322.0,47647.0,Santa Barbara City College,CA
57534.0,57534.0,109183.0,Santa Clara University,CA
1150.0,9094.0,42193.0,Santa Monica College,CA
1318.0,9310.0,47224.0,Santa Rosa Junior College,CA
,,,Saybrook University,CA
60712.0,60712.0,77539.0,Scripps College,CA
1394.0,8338.0,39092.0,College of the Sequoias,CA
14460.0,14460.0,28891.0,Shasta Bible College and Graduate School,CA
1191.0,8271.0,39269.0,Shasta College,CA
1156.0,8548.0,45294.0,Sierra College,CA
,,18519.0,Sierra College of Beauty,CA
,,46989.0,Trinity Law School,CA
37480.0,37480.0,54340.0,Simpson University,CA
1444.0,9844.0,39098.0,College of the Siskiyous,CA
,,41047.0,Charles A Jones Career and Education Center,CA
1362.0,9508.0,55702.0,Skyline College,CA
744.0,5057.0,39676.0,San Bernardino Valley College,CA
53932.0,53932.0,78812.0,Saint Mary's College of California,CA
1172.0,7628.0,44170.0,Solano Community College,CA
8060.0,19940.0,65986.0,Sonoma State University,CA
,,,South Baylo University,CA
13409.0,13409.0,44897.0,South Coast College,CA
38700.0,38700.0,59541.0,Vanguard University of Southern California,CA
,,45711.0,Concorde Career College-Garden Grove,CA
1342.0,9490.0,40060.0,Southwestern College,CA
,,,Starr King School for the Ministry,CA
,,,Marshall B Ketchum University,CA
50690.0,50690.0,71909.0,Southern California Institute of Architecture,CA
64726.0,64726.0,92498.0,University of Southern California,CA
,,,Southwestern Law School,CA
1108.0,7972.0,38861.0,Taft College,CA
,,,Claremont School of Theology,CA
27000.0,27000.0,55619.0,Thomas Aquinas College,CA
9689.0,9689.0,37822.0,Epic Bible College & Graduate School,CA
,,31141.0,UEI College-Huntington Park,CA
,,39993.0,Concorde Career College-San Bernardino,CA
,,50552.0,Concorde Career College-North Hollywood,CA
1398.0,8146.0,43430.0,Ventura College,CA
,,,The Colleges of Law at Ventura,CA
,,17287.0,Bridges Beauty College,CA
1425.0,10125.0,36119.0,Victor Valley College,CA
1148.0,8684.0,41217.0,Berkeley City College,CA
12483.0,12483.0,42810.0,Walden University,MN
,,,Waynes College of Beauty,CA
1380.0,10110.0,37633.0,Coalinga College,CA
1238.0,9870.0,38537.0,West Los Angeles College,CA
1490.0,8810.0,51688.0,West Valley College,CA
,,39633.0,Carrington College-Sacramento,CA
,,,Westminster Theological Seminary in California,CA
50066.0,50066.0,64778.0,Westmont College,CA
49864.0,49864.0,59492.0,Whittier College,CA
44908.0,44908.0,65668.0,Woodbury University,CA
,,,The Wright Institute,CA
,,,Thomas Jefferson School of Law,CA
15700.0,15700.0,48361.0,Yeshiva Ohr Elchonon Chabad West Coast Talmudical Seminary,CA
1128.0,7488.0,39552.0,Yuba College,CA
9776.0,21848.0,44372.0,Adams State University,CO
1946.0,10850.0,41887.0,Aims Community College,CO
4080.0,15502.0,48341.0,Arapahoe Community College,CO
13819.0,13819.0,39506.0,Bel-Rea Institute of Animal Technology,CO
9562.0,26818.0,64270.0,University of Colorado Denver/Anschutz Medical Campus,CO
9129.0,22041.0,54659.0,University of Colorado Colorado Springs,CO
16576.0,16576.0,59093.0,Spartan College of Aeronautics and Technology,CO
13106.0,40356.0,69738.0,University of Colorado Boulder,CO
37432.0,37432.0,50416.0,Colorado Christian University,CO
65028.0,65028.0,65222.0,Colorado College,CO
,,42456.0,Concorde Career College-Aurora,CO
2580.0,11820.0,44127.0,Colorado Mountain College,CO
4236.0,6740.0,43526.0,Colorado Northwestern Community College,CO
20040.0,42120.0,97335.0,Colorado School of Mines,CO
,,51591.0,Colorado School of Trades,CO
12874.0,32734.0,60543.0,Colorado State University-Fort Collins,CO
12696.0,12696.0,37180.0,Colorado Technical University-Colorado Springs,CO
4030.0,15832.0,44592.0,Community College of Aurora,CO
,,45516.0,Technical College of the Rockies,CO
4586.0,16235.0,39095.0,Community College of Denver,CO
,,46396.0,Lincoln College of Technology-Denver,CO
,,,Denver Seminary,CO
56439.0,56439.0,71155.0,University of Denver,CO
,,35487.0,Emily Griffith Technical College,CO
9212.0,19724.0,46349.0,Fort Lewis College,CO
4126.0,15776.0,45910.0,Front Range Community College,CO
,,,Iliff School of Theology,CO
,,22332.0,International Salon and Spa Academy,CO
4216.0,6720.0,38719.0,Lamar Community College,CO
9297.0,23019.0,45823.0,Colorado Mesa University,CO
10260.0,28092.0,52093.0,Metropolitan State University of Denver,CO
3930.0,15579.0,39429.0,Morgan Community College,CO
34600.0,34600.0,28720.0,Naropa University,CO
10002.0,10002.0,41450.0,Nazarene Bible College,CO
5345.0,7691.0,39893.0,Northeastern Junior College,CO
11332.0,24722.0,52231.0,University of Northern Colorado,CO
4226.0,6730.0,39018.0,Otero College,CO
4055.0,15714.0,40796.0,Pikes Peak State College,CO
4626.0,16275.0,37434.0,Pueblo Community College,CO
4471.0,16135.0,46288.0,Red Rocks Community College,CO
42220.0,42220.0,72105.0,Regis University,CO
22607.0,22607.0,42958.0,Rocky Mountain College of Art and Design,CO
,,44643.0,Montessori Education Center of the Rockies,CO
9245.0,16324.0,55563.0,Colorado State University Pueblo,CO
4930.0,8330.0,39210.0,Pickens Technical College,CO
,,42169.0,Intellitec College-Colorado Springs,CO
,,31541.0,Intellitec College-Grand Junction,CO
5194.0,8314.0,36475.0,Trinidad State College,CO
,,,United States Air Force Academy,CO
,,24397.0,Empire Beauty School-Thornton,CO
10813.0,22837.0,46833.0,Western Colorado University,CO
37682.0,37682.0,60144.0,Albertus Magnus College,CT
4772.0,14172.0,39551.0,Asnuntuck Community College,CT
10050.0,10050.0,,Bais Binyomin Academy,NY
35760.0,35760.0,50323.0,University of Bridgeport,CT
12106.0,24994.0,58562.0,Central Connecticut State University,CT
8254.0,10796.0,64209.0,Charter Oak State College,CT
,,34866.0,Cortiva Institute,CT
63005.0,63005.0,75001.0,Connecticut College,CT
14337.0,14337.0,42914.0,Porter & Chester Institute of Hamden,CT
19434.0,42102.0,73997.0,University of Connecticut,CT
21198.0,21198.0,43596.0,Goodwin University,CT
,,38683.0,Lincoln Technical Institute-East Windsor,CT
12910.0,16146.0,56469.0,Eastern Connecticut State University,CT
54455.0,54455.0,88794.0,Fairfield University,CT
,,30900.0,Paul Mitchell the School-North Haven,CT
4820.0,14220.0,41344.0,Connecticut State Community College,CT
,,102051.0,Rensselaer at Hartford,CT
,,28710.0,American Institute-West Hartford,CT
,,,Hartford International University for Religion and Peace,CT
46148.0,46148.0,60823.0,University of Hartford,CT
9440.0,9440.0,,Holy Apostles College and Seminary,CT
4740.0,14140.0,43342.0,Connecticut State Community College Housatonic,CT
4700.0,14100.0,43981.0,Manchester Community College,CT
4740.0,14140.0,42142.0,Naugatuck Valley Community College,CT
4700.0,14100.0,42956.0,Middlesex Community College,CT
37250.0,37250.0,39115.0,Mitchell College,CT
4820.0,14220.0,37792.0,Three Rivers Community College,CT
,,38683.0,Lincoln Technical Institute-New Britain,CT
,,44444.0,New England Tractor Trailer Training School of Connecticut,CT
44184.0,44184.0,60126.0,University of New Haven,CT
4772.0,14172.0,48814.0,Connecticut State Community College Norwalk,CT
4772.0,14172.0,34978.0,Northwestern Connecticut Community College,CT
24480.0,24480.0,,Paier College,CT
14349.0,14349.0,41588.0,Porter & Chester Institute,CT
16610.0,16610.0,38696.0,Post University,CT
4740.0,14220.0,30231.0,Quinebaug Valley Community College,CT
51790.0,51790.0,83759.0,Quinnipiac University,CT
46580.0,46580.0,75059.0,Sacred Heart University,CT
44366.0,44366.0,59908.0,University of Saint Joseph,CT
4740.0,14140.0,40833.0,Connecticut State Community College Gateway,CT
12438.0,25326.0,55043.0,Southern Connecticut State University,CT
63930.0,63930.0,90779.0,Trinity College,CT
4820.0,14220.0,43490.0,Connecticut State Community College Tunxis,CT
,,,United States Coast Guard Academy,CT
64322.0,64322.0,73897.0,Wesleyan University,CT
12345.0,25239.0,59115.0,Western Connecticut State University,CT
62250.0,62250.0,100533.0,Yale University,CT
,,72380.0,Margaret H Rollins School of Nursing at Beebe Medical Center,DE
,,30429.0,Dawn Career Institute LLC,DE
4945.0,11808.0,41448.0,Delaware Technical Community College-Terry,DE
8358.0,18280.0,49307.0,Delaware State University,DE
15410.0,37930.0,72950.0,University of Delaware,DE
13050.0,13050.0,59892.0,Goldey-Beacom College,DE
,,27420.0,Schilling-Douglas School of Hair Design,DE
12030.0,12030.0,53844.0,Wilmington University,DE
53889.0,53889.0,77370.0,American University,DC
54186.0,54186.0,73250.0,The Catholic University of America,DC
6152.0,13004.0,44236.0,University of the District of Columbia,DC
,,,Pontifical Faculty of the Immaculate Conception at the Dominican House of Studies,DC
17712.0,17712.0,43101.0,Gallaudet University,DC
62200.0,62200.0,90873.0,George Washington University,DC
62052.0,62052.0,103494.0,Georgetown University,DC
31050.0,31050.0,63066.0,Howard University,DC
13515.0,13515.0,40092.0,Strayer University-District of Columbia,DC
10900.0,10900.0,,National Conservatory of Dramatic Arts,DC
25610.0,25610.0,53804.0,Trinity Washington University,DC
,,,Wesley Theological Seminary,DC
,,38560.0,Atlantic Technical College,FL
12450.0,12450.0,42836.0,Baptist University of Florida,FL
32500.0,32500.0,55966.0,Barry University,FL
14794.0,14794.0,38518.0,Bethune-Cookman University,FL
41550.0,41550.0,49006.0,Lynn University,FL
,,31683.0,North Florida Technical College,FL
2496.0,9739.0,37195.0,Eastern Florida State College,FL
2830.0,8952.0,41939.0,Broward College,FL
13719.0,13719.0,41544.0,Albizu University-Miami,FL
2710.0,10517.0,38203.0,College of Central Florida,FL
18614.0,18614.0,40596.0,Johnson University Florida,FL
6368.0,22467.0,58308.0,University of Central Florida,FL
3100.0,12100.0,36349.0,Charlotte Technical College,FL
3120.0,8950.0,37378.0,Chipola College,FL
,,36853.0,Lorenzo Walker Technical College,FL
3106.0,11994.0,37096.0,Daytona State College,FL
17014.0,17014.0,34421.0,South University-West Palm Beach,FL
48900.0,48900.0,51819.0,Eckerd College,FL
3401.0,12979.0,43421.0,Florida SouthWestern State College,FL
14878.0,14878.0,34782.0,Edward Waters University,FL
40564.0,40564.0,84131.0,Embry-Riddle Aeronautical University-Daytona Beach,FL
5785.0,17725.0,44349.0,Florida Agricultural and Mechanical University,FL
4879.0,17324.0,56746.0,Florida Atlantic University,FL
2878.0,9992.0,42244.0,Florida State College at Jacksonville,FL
23760.0,23760.0,49483.0,Flagler College,FL
18060.0,18060.0,43445.0,Florida College,FL
,,34098.0,Concorde Career Institute-Jacksonville,FL
,,35442.0,Concorde Career Institute-Miramar,FL
,,36288.0,Concorde Career Institute-Tampa,FL
20340.0,20340.0,72282.0,AdventHealth University,FL
43670.0,43670.0,43137.0,Florida Institute of Technology,FL
6565.0,18963.0,60249.0,Florida International University,FL
3276.0,13162.0,42508.0,The College of the Florida Keys,FL
16836.0,16836.0,36624.0,Florida Memorial University,FL
,,28928.0,Florida Career College-Miami,FL
,,26752.0,Florida School of Massage,FL
40500.0,40500.0,55294.0,Florida Southern College,FL
5656.0,18786.0,61675.0,Florida State University,FL
6381.0,28659.0,71588.0,University of Florida,FL
,,23091.0,Fort Pierce Beauty Academy,FL
26307.0,26307.0,38219.0,Full Sail University,FL
,,35234.0,George Stone Technical College,FL
,,52312.0,George T Baker Aviation Technical College,FL
2370.0,8635.0,38359.0,Gulf Coast State College,FL
9285.0,9285.0,42267.0,Key College,FL
2506.0,9111.0,40782.0,Hillsborough Community College,FL
7960.0,7960.0,39863.0,Hobe Sound Bible College,FL
,,21386.0,Hollywood Institute of Beauty Careers,FL
,,29204.0,Cortiva Institute,FL
2764.0,10201.0,38315.0,Indian River State College,FL
,,19824.0,International Academy,FL
20794.0,20794.0,33415.0,AI Miami International University of Art and Design,FL
43670.0,43670.0,68010.0,Jacksonville University,FL
23248.0,23248.0,39696.0,Keiser University-Ft Lauderdale,FL
,,16879.0,La Belle Beauty School,FL
3100.0,11747.0,37894.0,Florida Gateway College,FL
,,32793.0,Lake Technical College,FL
3292.0,13276.0,39876.0,Lake-Sumter State College,FL
,,40082.0,Fort Myers Technical College,FL
,,30413.0,Lively Technical College,FL
,,34107.0,Lindsey Hopkins Technical College,FL
,,18342.0,Loraines Academy & Spa,FL
9808.0,9808.0,47003.0,Luther Rice College & Seminary,GA
3074.0,11595.0,40318.0,State College of Florida-Manatee-Sarasota,FL
,,38129.0,Manatee Technical College,FL
3251.0,11118.0,39813.0,Traviss Technical College,FL
,,,Merryfield Academy,FL
14160.0,14160.0,46989.0,Trinity International University-Florida,FL
,,35014.0,Miami Lakes Educational Center and Technical College,FL
2838.0,9661.0,40654.0,Miami Dade College,FL
57194.0,57194.0,75328.0,University of Miami,FL
,,33350.0,Orange Technical College-South Campus,FL
,,34949.0,Paul Mitchell the School-Jacksonville,FL
3054.0,11400.0,33929.0,North Florida College,FL
6389.0,20793.0,56343.0,University of North Florida,FL
36300.0,36300.0,59209.0,Nova Southeastern University,FL
3246.0,11625.0,39664.0,Northwest Florida State College,FL
,,36650.0,Orange Technical College,FL
35900.0,35900.0,49232.0,Palm Beach Atlantic University,FL
3050.0,10910.0,41923.0,Palm Beach State College,FL
3155.0,12032.0,39903.0,Pasco-Hernando State College,FL
2365.0,9475.0,36739.0,Pensacola State College,FL
,,34627.0,Pinellas Technical College-Clearwater,FL
3366.0,12272.0,40624.0,Polk State College,FL
,,35997.0,Radford M Locklin Technical College,FL
,,,Saint Vincent de Paul Regional Seminary,FL
3918.0,10398.0,33484.0,Ridge Technical College,FL
52826.0,52826.0,43325.0,Ringling College of Art and Design,FL
,,37543.0,Robert Morgan Educational Center and Technical College,FL
56110.0,56110.0,58295.0,Rollins College,FL
,,33784.0,First Coast Technical College,FL
27050.0,27050.0,48364.0,Saint Leo University,FL
2682.0,9286.0,42557.0,St Petersburg College,FL
,,36188.0,Pinellas Technical College-St. Petersburg,FL
2563.0,9189.0,41631.0,Santa Fe College,FL
,,40621.0,Suncoast Technical College,FL
3131.0,11456.0,41733.0,Seminole State College of Florida,FL
,,33166.0,Sheridan Technical College,FL
23100.0,23100.0,,St. John Vianney College Seminary,FL
2830.0,10347.0,41728.0,Saint Johns River State College,FL
3165.0,11859.0,39990.0,South Florida State College,FL
6410.0,17324.0,57743.0,University of South Florida,FL
33760.0,33760.0,54272.0,St. Thomas University,FL
52320.0,52320.0,51642.0,Stetson University,FL
30148.0,30148.0,46744.0,Southeastern University,FL
,,19359.0,Bene's Career Academy,FL
,,31778.0,Riveroak Technical College,FL
2026.0,8062.0,37561.0,Tallahassee Community College,FL
15250.0,15250.0,,Talmudic College of Florida,FL
15822.0,15822.0,27406.0,Altierus Career College-Tampa,FL
32218.0,32218.0,59436.0,The University of Tampa,FL
,,27609.0,Big Bend Technical College,FL
,,28254.0,Tom P. Haney Technical College,FL
14300.0,14300.0,37275.0,Trinity Baptist College,FL
16300.0,16300.0,32465.0,Trinity College of Florida,FL
2474.0,9383.0,40594.0,Valencia College,FL
28044.0,28044.0,46086.0,Warner University,FL
,,32320.0,Florida Panhandle Technical College,FL
30798.0,30798.0,45606.0,Webber International University,FL
11291.0,11291.0,39080.0,Rasmussen University-Florida,FL
6360.0,19241.0,49137.0,University of West Florida,FL
,,25145.0,Orange Technical College-West Campus,FL
,,41656.0,William T McFatter Technical College,FL
,,31858.0,Orange Technical College-East Campus,FL
,,34279.0,Withlacoochee Technical College,FL
3165.0,10071.0,34996.0,Abraham Baldwin Agricultural College,GA
45786.0,45786.0,56274.0,Agnes Scott College,GA
11090.0,11090.0,27065.0,Interactive College of Technology-Chamblee,GA
10850.0,10850.0,27065.0,Interactive College of Technology-Morrow,GA
2996.0,5396.0,30541.0,Albany Technical College,GA
5934.0,16656.0,40674.0,Albany State University,GA
18214.0,18214.0,38475.0,Andrew College,GA
20794.0,20794.0,33685.0,The Art Institute of Atlanta,GA
,,23686.0,Georgia Career Institute,GA
3164.0,5564.0,30350.0,Atlanta Technical College,GA
22300.0,22300.0,38740.0,Point University,GA
3105.0,9731.0,33252.0,Atlanta Metropolitan State College,GA
,,,Atlanta's John Marshall Law School,GA
,,25301.0,Atlanta School of Massage,GA
24730.0,24730.0,42712.0,Clark Atlanta University,GA
3232.0,5662.0,33523.0,Augusta Technical College,GA
39376.0,39376.0,53800.0,Berry College,GA
8492.0,8492.0,35236.0,Beulah Heights University,GA
32685.0,32685.0,54003.0,Brenau University,GA
21696.0,21696.0,42009.0,Brewton-Parker College,GA
3483.0,10389.0,39318.0,College of Coastal Georgia,GA
3122.0,5522.0,35479.0,West Georgia Technical College,GA
5068.0,15790.0,49179.0,Clayton  State University,GA
,,,Columbia Theological Seminary,GA
3042.0,5442.0,34238.0,Columbus Technical College,GA
5751.0,16805.0,44544.0,Columbus State University,GA
3112.0,5512.0,35759.0,Georgia Northwestern Technical College,GA
38860.0,38860.0,50412.0,Covenant College,GA
3283.0,10189.0,40251.0,Dalton State College,GA
,,21586.0,Pro Way Hair School,GA
17014.0,17014.0,34421.0,South University-Savannah,GA
2736.0,9088.0,37174.0,East Georgia State College,GA
22924.0,22924.0,38208.0,Emmanuel University,GA
57948.0,57948.0,80137.0,Emory University,GA
3344.0,9696.0,43184.0,Georgia Highlands College,GA
5832.0,16572.0,36666.0,Fort Valley State University,GA
,,60726.0,Grady Health System Professional Schools,GA
11764.0,32876.0,102772.0,Georgia Institute of Technology-Main Campus,GA
4980.0,15702.0,48757.0,Georgia Southwestern State University,GA
8974.0,28154.0,58140.0,Georgia College & State University,GA
6485.0,17539.0,53236.0,Georgia Southern University,GA
8478.0,23709.0,47384.0,Georgia State University,GA
11180.0,30220.0,68726.0,University of Georgia,GA
3475.0,10381.0,37871.0,Gordon State College,GA
3126.0,5526.0,36104.0,Southern Crescent Technical College,GA
16935.0,16935.0,42636.0,Gupton Jones College of Funeral Service,GA
10500.0,10500.0,31422.0,Gwinnett College-Lilburn,GA
3236.0,5636.0,45025.0,Gwinnett Technical College,GA
,,,Interdenominational Theological Center,GA
33700.0,33700.0,51745.0,LaGrange College,GA
3666.0,6666.0,37623.0,Lanier Technical College,GA
14406.0,14406.0,47397.0,Life University,GA
3252.0,5652.0,37138.0,Chattahoochee Technical College,GA
12750.0,12750.0,36909.0,Herzing University-Atlanta,GA
39708.0,39708.0,58354.0,Mercer University,GA
29468.0,29468.0,52889.0,Morehouse College,GA
,,,Morehouse School of Medicine,GA
9558.0,9558.0,,Morris Brown College,GA
3072.0,5472.0,32932.0,North Georgia Technical College,GA
43990.0,43990.0,55232.0,Oglethorpe University,GA
14596.0,14596.0,33338.0,Paine College,GA
29190.0,29190.0,49130.0,Piedmont University,GA
19400.0,19400.0,106192.0,Miami Ad School-Atlanta,GA
27300.0,27300.0,46541.0,Reinhardt University,GA
3042.0,5442.0,33018.0,Savannah Technical College,GA
39605.0,39605.0,45954.0,Savannah College of Art and Design,GA
5498.0,16218.0,37981.0,Savannah State University,GA
22810.0,22810.0,44604.0,Shorter University,GA
3692.0,6692.0,30364.0,South Georgia Technical College,GA
28885.0,28885.0,59993.0,Spelman College,GA
11080.0,11080.0,49716.0,Thomas University,GA
22350.0,22350.0,36630.0,Toccoa Falls College,GA
24440.0,24440.0,46700.0,Truett McConnell University,GA
3152.0,5552.0,30864.0,Wiregrass Georgia Technical College,GA
6007.0,17062.0,49361.0,Valdosta State University,GA
27650.0,27650.0,44317.0,Wesleyan College,GA
5941.0,16996.0,49587.0,University of West Georgia,GA
30905.0,30905.0,47195.0,Young Harris College,GA
28544.0,28544.0,52343.0,Chaminade University of Honolulu,HI
7838.0,20798.0,47856.0,University of Hawaii at Hilo,HI
12186.0,34218.0,57624.0,University of Hawaii at Manoa,HI
,,25235.0,Hawaii Institute of Hair Design,HI
31940.0,31940.0,59593.0,Hawaii Pacific University,HI
3174.0,8310.0,45105.0,Honolulu Community College,HI
3284.0,8420.0,44599.0,Kapiolani Community College,HI
3252.0,8388.0,36868.0,Kauai Community College,HI
3214.0,8350.0,39899.0,Leeward Community College,HI
3284.0,8420.0,34453.0,University of Hawaii Maui College,HI
7584.0,20544.0,52075.0,University of Hawaii-West Oahu,HI
3194.0,8330.0,38439.0,Windward Community College,HI
,,43731.0,Carrington College-Boise,ID
9770.0,9770.0,33140.0,Boise Bible College,ID
8364.0,25701.0,51658.0,Boise State University,ID
3390.0,6750.0,42057.0,College of Eastern Idaho,ID
7958.0,25936.0,45608.0,Idaho State University,ID
8396.0,27632.0,54670.0,University of Idaho,ID
34630.0,34630.0,48473.0,The College of Idaho,ID
6999.0,20252.0,46001.0,Lewis-Clark State College,ID
,,26171.0,Aveda Institute-Twin Falls,ID
3396.0,8736.0,40081.0,North Idaho College,ID
36298.0,36298.0,51719.0,Northwest Nazarene University,ID
,,22209.0,Nathan Layne Institute of Cosmetology,ID
4536.0,4536.0,53406.0,Brigham Young University-Idaho,ID
3360.0,6840.0,40916.0,College of Southern Idaho,ID
,,,Adler University,IL
37670.0,37670.0,34324.0,American Academy of Art College,IL
7650.0,7650.0,,American Islamic College,IL
54530.0,54530.0,40151.0,School of the Art Institute of Chicago,IL
47916.0,47916.0,62971.0,Augustana College,IL
27420.0,27420.0,58709.0,Aurora University,IL
3810.0,6210.0,36884.0,Southwestern Illinois College,IL
,,,Bethany Theological Seminary,IN
4920.0,8100.0,37253.0,Black Hawk College,IL
26055.0,26055.0,46802.0,Blackburn College,IL
,,72430.0,Blessing Rieman College of Nursing and Health Sciences,IL
37800.0,37800.0,66852.0,Bradley University,IL
,,28378.0,Paul Mitchell the School-Tinley Park,IL
,,24513.0,Cameo Beauty Academy,IL
,,26970.0,Cannella School of Hair Design-Villa Park,IL
,,18132.0,Cannella School of Hair Design-Chicago,IL
,,29075.0,Cannella School of Hair Design-Chicago,IL
,,26804.0,Capri Beauty College,IL
5250.0,8760.0,35274.0,Carl Sandburg College,IL
,,,Catholic Theological Union at Chicago,IL
,,,Midwestern University-Downers Grove,IL
13224.0,13224.0,56899.0,The Chicago School at Chicago,IL
12018.0,12018.0,42778.0,Chicago State University,IL
,,,Chicago Theological Seminary,IL
64260.0,64260.0,91885.0,University of Chicago,IL
4380.0,14430.0,28467.0,City Colleges of Chicago-Kennedy-King College,IL
4380.0,14430.0,32427.0,City Colleges of Chicago-Malcolm X College,IL
4380.0,14430.0,31114.0,City Colleges of Chicago-Olive-Harvey College,IL
4380.0,14430.0,36484.0,City Colleges of Chicago-Harry S Truman College,IL
4380.0,14430.0,37962.0,City Colleges of Chicago-Richard J Daley College,IL
4380.0,14430.0,36531.0,City Colleges of Chicago-Harold Washington College,IL
4380.0,14430.0,41625.0,City Colleges of Chicago-Wilbur Wright College,IL
31026.0,31026.0,42195.0,Columbia College Chicago,IL
34964.0,34964.0,54089.0,Concordia University-Chicago,IL
5200.0,8650.0,34867.0,Danville Area Community College,IL
,,18077.0,Tricoci University of Beauty Culture,IL
42840.0,42840.0,68751.0,DePaul University,IL
,,29779.0,Cosmetology & Spa Academy,IL
4200.0,11910.0,46909.0,College of DuPage,IL
23400.0,23400.0,29963.0,East-West University,IL
13101.0,15528.0,51989.0,Eastern Illinois University,IL
3180.0,9516.0,45516.0,Elgin Community College,IL
40232.0,40232.0,61462.0,Elmhurst University,IL
28380.0,28380.0,51641.0,Eureka College,IL
,,36196.0,First Institute of Travel Inc.,IL
16620.0,16620.0,41539.0,Fox College,IL
,,,Garrett-Evangelical Theological Seminary,IL
,,19219.0,Gem City College,IL
10468.0,17980.0,58169.0,Governors State University,IL
8269.0,8269.0,63586.0,Graham Hospital School of Nursing,IL
30548.0,30548.0,46827.0,Greenville University,IL
,,29032.0,G Skin & Beauty Institute,IL
,,23568.0,Hair Professionals Career College,IL
,,23412.0,Hair Professionals School of Cosmetology,IL
14200.0,14200.0,33291.0,Hebrew Theological College,IL
4624.0,7048.0,37928.0,Highland Community College,IL
,,,Rosalind Franklin University of Medicine and Science,IL
14046.0,28654.0,68740.0,University of Illinois Chicago,IL
34290.0,34290.0,63446.0,Benedictine University,IL
,,,Illinois College of Optometry,IL
15714.0,33686.0,81054.0,University of Illinois Urbana-Champaign,IL
53814.0,53814.0,70871.0,Illinois Wesleyan University,IL
4650.0,11700.0,37366.0,Illinois Central College,IL
36346.0,36346.0,52575.0,Illinois College,IL
4354.0,12082.0,37533.0,Olney Central College,IL
50640.0,50640.0,82592.0,Illinois Institute of Technology,IL
15170.0,27011.0,62117.0,Illinois State University,IL
4000.0,14314.0,40810.0,Illinois Valley Community College,IL
,,,Institute for Clinical Social Work,IL
4550.0,7370.0,34096.0,John A Logan College,IL
5100.0,8400.0,38631.0,John Wood Community College,IL
4530.0,13800.0,42889.0,Joliet Junior College,IL
30910.0,30910.0,56313.0,Judson University,IL
4950.0,25560.0,38767.0,Kankakee Community College,IL
4560.0,12330.0,38801.0,Kaskaskia College,IL
4980.0,13800.0,39657.0,Kishwaukee College,IL
53259.0,53259.0,54820.0,Knox College,IL
,,21949.0,Educators of Beauty College of Cosmetology-Peru,IL
4200.0,13118.0,43424.0,College of Lake County,IL
52902.0,52902.0,61825.0,Lake Forest College,IL
,,,Lake Forest Graduate School of Management,IL
3965.0,13906.0,38877.0,Lake Land College,IL
,,84522.0,Lakeview College of Nursing,IL
3552.0,12552.0,37724.0,Lewis and Clark Community College,IL
36530.0,36530.0,66099.0,Lewis University,IL
14920.0,14920.0,43038.0,Lincoln Christian University,IL
3612.0,10068.0,38479.0,Lincoln Land Community College,IL
,,38683.0,Lincoln College of Technology-Melrose Park,IL
49498.0,49498.0,71530.0,Loyola University Chicago,IL
,,,Lutheran School of Theology at Chicago,IL
,,58743.0,Trinity College of Nursing & Health Sciences,IL
,,29592.0,Steven Papageorge Hair Academy,IL
12700.0,12700.0,34706.0,Generations College,IL
,,,McCormick Theological Seminary,IL
3862.0,14692.0,45143.0,McHenry County College,IL
33430.0,33430.0,58572.0,McKendree University,IL
,,,Meadville Theological School of Lombard College,IL
18008.0,18008.0,69800.0,Methodist College,IL
26892.0,41632.0,51262.0,Millikin University,IL
42214.0,42214.0,51110.0,Monmouth College,IL
16178.0,16178.0,45399.0,Moody Bible Institute,IL
3750.0,9630.0,43892.0,Moraine Valley Community College,IL
19400.0,19400.0,63571.0,Morrison Institute of Technology,IL
4756.0,10900.0,42406.0,Morton College,IL
11580.0,11580.0,45799.0,National Louis University,IL
,,58723.0,National University of Health Sciences,IL
,,20303.0,Cosmetology Concepts Niles,IL
43046.0,43046.0,60123.0,North Central College,IL
34020.0,34020.0,59572.0,North Park University,IL
,,,Northern Baptist Theological Seminary,IL
12662.0,12662.0,57808.0,Northern Illinois University,IL
63468.0,63468.0,89363.0,Northwestern University,IL
12101.0,22192.0,52234.0,Northeastern Illinois University,IL
3985.0,12462.0,47852.0,Oakton College,IL
,,18890.0,Oehrlein School of Cosmetology,IL
37940.0,37940.0,53213.0,Olivet Nazarene University,IL
5130.0,15930.0,38320.0,Parkland College,IL
4176.0,11064.0,36696.0,Prairie State College,IL
32130.0,32130.0,,Principia College,IL
,,30341.0,Professional's Choice Hair Design Academy,IL
31940.0,31940.0,50369.0,Quincy University,IL
4500.0,7200.0,35775.0,Rend Lake College,IL
4590.0,17070.0,38793.0,Richland Community College,IL
4124.0,20384.0,39158.0,Rock Valley College,IL
35050.0,35050.0,54794.0,Rockford University,IL
33068.0,33068.0,48712.0,Roosevelt University,IL
36500.0,36500.0,60327.0,Dominican University,IL
,,75194.0,Rush University,IL
,,72850.0,Saint Francis Medical Center College of Nursing,IL
36000.0,36000.0,63926.0,University of St Francis,IL
,,86331.0,St. John's College-Department of Nursing,IL
35770.0,35770.0,58656.0,Saint Xavier University,IL
12077.0,21842.0,57103.0,University of Illinois Springfield,IL
5070.0,12840.0,40458.0,Sauk Valley Community College,IL
4200.0,7050.0,32999.0,Shawnee Community College,IL
13288.0,13288.0,35723.0,St. Augustine College,IL
,,,University of Saint Mary of the Lake,IL
4260.0,6480.0,33763.0,Southeastern Illinois College,IL
,,37120.0,National Latino Education Institute,IL
,,,Spertus College,IL
5490.0,12450.0,38386.0,Spoon River College,IL
27811.0,27811.0,77709.0,Saint Anthony College of Nursing,IL
,,21463.0,Educators of Beauty College of Cosmetology-Sterling,IL
15416.0,15416.0,53390.0,Southern Illinois University-Carbondale,IL
12558.0,12558.0,56346.0,Southern Illinois University-Edwardsville,IL
10650.0,10650.0,25559.0,Taylor Business Institute,IL
16000.0,16000.0,,Telshe Yeshiva-Chicago,IL
5093.0,12683.0,33680.0,South Suburban College,IL
34325.0,34325.0,55700.0,Trinity Christian College,IL
33898.0,33898.0,46989.0,Trinity International University-Illinois,IL
4770.0,14430.0,41728.0,Triton College,IL
,,27084.0,University of Spa & Cosmetology Arts,IL
29800.0,29800.0,47863.0,VanderCook College of Music,IL
3360.0,11496.0,44788.0,Waubonsee Community College,IL
,,82829.0,Oak Point University,IL
14406.0,14406.0,54163.0,Western Illinois University,IL
42240.0,42240.0,63756.0,Wheaton College,IL
3774.0,11754.0,48071.0,William Rainey Harper College,IL
34080.0,34080.0,48899.0,Anderson University,IN
10440.0,27924.0,51833.0,Ball State University,IN
32040.0,32040.0,48860.0,Bethel University,IN
44460.0,44460.0,77235.0,Butler University,IN
21650.0,21650.0,46945.0,Calumet College of Saint Joseph,IN
,,,Christian Theological Seminary,IN
10080.0,10080.0,43927.0,College of Court Reporting Inc,IN
,,,Concordia Theological Seminary,IN
,,22374.0,Tricoci University of Beauty Culture-Highland,IN
55410.0,55410.0,70527.0,DePauw University,IN
,,19976.0,Don Roberts School of Hair Design,IN
50058.0,50058.0,50797.0,Earlham College,IN
41336.0,41336.0,53770.0,University of Evansville,IN
36136.0,36136.0,55376.0,Franklin College,IN
